"Fix EDM","126"
"ID4851","195"
"Flat Grinding - Machine 11","130"
"ID4167","2"
"Housing","32"
"ID4163","68"
"Setup - Machine 8","33"
"Cable Head","5"
"131","210"
"Wheel Shaft","173"
"ID4287","36"
"Setup - Machine 4","248"
"492","74"
"24","37"
"25","89"
"26","136"
"27","31"
"20","77"
"21","176"
"22","233"
"23","194"
"Grinding Rework - Machine 12","156"
"198","235"
"28","75"
"Packing","81"
"Punch Holder","162"
"0","8"
"Milling - Machine 10","172"
"ID4355","147"
"4","97"
"400","159"
"ID4445","154"
"8","7"
"163","212"
"Machine 2 - Round Grinding","148"
"Tube","164"
"ID4442","244"
"Plug","98"
"11","30"
"Drum","255"
"D","6"
"Bearing","213"
"Blade","221"
"Wire Cut - Machine 18","202"
"Machine 16 - Milling","219"
"Turn & Mill. & Screw Assem - Machine 9","201"
"Round Grinding - Machine 3","132"
"260","242"
"330","260"
"125","178"
"Punch Plate","171"
"Electrical Contact","56"
"Cutting Wheel","177"
"Barrel","220"
"Machine 26 - Flat Grinding","139"
"Clamp","84"
"Grinding Rework - Machine 27","155"
"59","119"
"Flange Bolt","206"
"55","72"
"54","85"
"57","109"
"ID4882","113"
"51","182"
"50","55"
"53","181"
"52","39"
"Disc","215"
"Rework Milling - Machine 28","123"
"ID0998","49"
"ID0997","38"
"Ring","116"
"180","168"
"73","239"
"290","104"
"Machine 8 - Turning & Milling","25"
"ID4718","78"
"56","185"
"Machine 22 - Milling","192"
"200","160"
"313","207"
"ID4493","41"
"ID4491","144"
"ID4872","90"
"117","231"
"ID4385","152"
"Change Version - Machine 22","190"
"Piston","118"
"83","73"
"80","100"
"179","209"
"84","184"
"Ballnut","27"
"ID3716","137"
"251","16"
"Machine 10 - Grinding","62"
"108","188"
"Flat Grinding - Machine 26","138"
"ID3718","247"
"ID4799","145"
"3","67"
"7","28"
"Turning - Machine 9","94"
"Machine 11 - Grinding","131"
"Turning - Machine 4","69"
"Turning - Machine 5","199"
"Turning - Machine 8","114"
"Machine 6 - Turning & Milling","65"
"300","70"
"ID4861","203"
"ID3641","122"
"305","258"
"ID4641","61"
"Round Grinding - Machine 2","146"
"Spur Gear","17"
"S","11"
"Lapping - Machine 1","150"
"100","63"
"105","200"
"Hinge","257"
"39","51"
"38","111"
"Turning & Milling - Machine 8","23"
"ID4794","54"
"Adjusting Nut","40"
"Turning & Milling - Machine 4","0"
"Turning & Milling - Machine 5","43"
"31","57"
"30","189"
"37","243"
"Locker","106"
"35","115"
"34","71"
"Grinding Rework - Machine 2","198"
"Milling Q.C.","129"
"Machine 15 - Turning","140"
"Turn & Mill. & Screw Assem - Machine 10","234"
"Turning & Milling - Machine 10","60"
"Turning & Milling Q.C.","35"
"Machine 12 - Grinding","157"
"Final Inspection Q.C.","128"
"150","143"
"Spinner","224"
"Assembly 1","240"
"45","225"
"ID4326","218"
"Flange","179"
"60","117"
"61","105"
"64","216"
"65","251"
"66","186"
"Locknut","232"
"68","261"
"69","95"
"250","153"
"Turning Q.C.","21"
"170","170"
"Slip Ring Adapter","167"
"ID4890","191"
"Round Grinding - Manual","87"
"185","196"
"Bushing","53"
"start","10"
"Round Grinding - Q.C.","135"
"2","58"
"ID4528","86"
"ID4529","29"
"507","263"
"78","121"
"500","66"
"Cast","236"
"B","34"
"complete","1"
"Machine 18 - Wire Cutting","204"
"160","262"
"6","103"
"Cylinder","93"
"Machine 5 - Turning & Milling","44"
"168","180"
"315","227"
"Drill","142"
"90","79"
"225","222"
"SETUP     Turning & Milling - Machine 5","76"
"161","83"
"221","193"
"Turning & Milling - Machine 9","13"
"Laser Marking - Machine 7","48"
"10","4"
"13","47"
"12","80"
"15","52"
"14","110"
"17","18"
"16","112"
"19","45"
"18","26"
"Machine 1 - Lapping","151"
"33","42"
"ID3767","125"
"720","253"
"32","101"
"O-Ring","175"
"Machine 17 - Sinking","127"
"Machine 4 - Turning & Milling","3"
"Turning & Milling - Machine 6","64"
"151","149"
"Quality Check 1","22"
"153","230"
"155","241"
"600","141"
"Compound Dies","228"
"557","158"
"112","252"
"36","169"
"Machine 7- Laser Marking","50"
"ID3846","19"
"230","250"
"Socket","166"
"Wheel","237"
"ID4429","46"
"Machine 3 - Round Grinding","133"
"48","102"
"49","59"
"46","134"
"47","187"
"ID4932","9"
"43","259"
"40","92"
"41","256"
"1","12"
"320","211"
"ID4132","14"
"5","96"
"Milling - Machine 16","217"
"325","226"
"9","91"
"85","183"
"Machine 27 - Grinding","88"
"ID4219","24"
"144","163"
"ID4820","82"
"Adapter","254"
"350","161"
"Seal Head","165"
"ID4291","120"
"75","223"
"132","229"
"Machine 9 - Turning & Milling","15"
"70","238"
"Round Grinding - Machine 12","214"
"79","197"
"72","107"
"Shim","205"
"Turning - Machine 21","245"
"Spring","108"
"ID0937","99"
"Fastener","208"
"Gauge","174"
"Manual Milling - Machine 28","124"
"Machine 21 - Turning","246"
"Spindle","249"
"ID4618","20"
